name,n
Rannel,11
Marjana,157
Carl-Robert,15
Sheryl,9
Jacek,10
Iana,27
Kreeta,17
Ramis,6
Damir,219
Hermo,35
Else,24
Genert,25
Terli,10
Xenia,44
Ingre,9
Aelita,14
Natalja,7530
Aylin,17
Artemij,6
Eini,35
Ervo,6
Alek,17
Hannelore,15
Vladislav,2173
Ayrton,18
Mai-Brit,6
Rocco,58
Helary,6
Egil,6
Kätli,11
Lizbeth,6
Petra,54
Alda,10
Natela,12
Karl-Andreas,8
Grace,8
Evita,33
Brian,28
Indur,7
Yevhenii,8
Andrean,12
Kylli,9
Ene,4149
Cristi,7
Käthlyn,9
Karl-Oskar,34
Hetti,11
Joosua,10
Mikaela,17
Brigit,12
Gerdi,23
Eugenia,21
Seido,8
Dzintars,11
Milja,66
Elery,67
Ketter,87
Marianna,503
Sirly,98
Donald,28
Ülle,4410
Gerta,97
Regiina,82
Hanna-Stina,14
Hanka,16
Rolan,38
Laura-Maria,28
Alija,16
Eeva,254
Pilvi,408
Yana,170
Siimu,8
Akim,49
Brigitte,12
Valdu,44
Alja,63
Irene,405
Diina,47
Alison,6
Margareeta,8
Mauris,17
Heimo,31
Hanneli,19
Aulike,12
Ina,79
Reijo,189
Maria-Helena,27
Anjuta,7
Alli,224
Harlet,16
Rosanne,9
Marke,13
Tatyana,178
Mariliin,12
Aleksia,18
Susann,18
Teodor,76
Lilya,10
Tõivo,7
Lumme,16
Jason,18
Helme,118
Heti,40
Armand,117
Jelizaveta,1210
Gedi,13
Melita,38
Amelija,16
Elīza,7
Ellen,1422
Mailis,256
Arved,254
Eimar,98
Kassandra,24
Anne-Lii,64
Älis,74
Kateriine,9
Natella,13
Meriliin,26
Olly,9
Anari,38
Serge,8
Vootele,59
Jessenia,13
Arian,9
Kädi,193
Lysandra,54
Kajar,99
Krister,186
Ronaldo,38
Evelii,12
Ursel,21
Brith,6
Samir,22
Donat,27
Ita,42
Nizami,9
Hilja,1030
Devi,8
Erich,458
Haldi,31
Maribell,17
Mai,969
Regon,16
Hengo,13
Reedik,42
Karoliina,446
Ulvar,61
Marcus,550
Sabine,16
Elmar,725
Oleg,4883
Janna,16
Olivia,331
Cristen,7
Enar,90
Maarek,139
Eeli,9
Gregory,55
Ingi,21
Piibe,79
Dariia,7
Valerija,330
Marju,1529
Laire,20
Aade,53
Fredi,112
Darleen,8
Kärolain,7
Maidu,209
Omari,13
Ramona,40
Lusine,9
Reneli,10
Ekke,96
Ilmari,13
Leo,984
Kauri,217
Stiina,77
Henri,1676
Alari,641
Karmeli,7
Terese,14
Helena,1581
Viktoriya,168
Algimantas,15
Marely,10
Kattri,13
Vasilii,29
Tarja,11
Paula,297
Kristella,157
Tavi,8
Larissa,2496
Triina,27
Maike,66
Valerie,10
Taissa,62
Valdik,9
Sandra-Liis,19
Pirjo,93
Getriin,43
Heinry,6
Silvester,33
Kaile,44
Ella,602
Roomet,138
Kulder,7
Alesia,9
Kadri-Ly,6
Kseniya,35
Nikolai,4449
Harriet,55
Harti,21
Helemall,6
Eino,495
Annaliisa,198
Raian,45
Maigo,19
Raju,9
Marjaana,22
Jacob,30
Laurette,16
Semyon,9
Kadi-Liis,58
Jekaterina,4752
Reinis,39
Tarko,20
Meri-Liis,13
Elfrida,116
Moonika,755
Izolda,18
Lisethe,18
Evor,7
Jargo,48
Catalina,8
Gunnar,921
Andree,73
Leonid,1672
Anne-Katrin,8
Arvo,2297
Lenno,40
Antons,15
Jeanne,12
Kõu,13
Maibel,11
Lona,11
Armo,45
Gätlin,28
Feodor,54
Ragnis,7
Pēteris,7
Ketely,10
Taivar,10
Anna Marie,20
Zinaida,1926
Liidia,1806
Kuno,216
Tavo,42
Kadi,1693
Krisli,21
Davide,21
Gerle,34
Iisi,7
Lilia,842
Andren,9
Aavo,771
Karl August,35
Reily,10
Eeva-Liisa,21
Averi,11
Taavet,156
Roby,16
Ievgen,20
Hasmik,7
Keio,137
Nataly,62
Markku,25
Aksana,53
Sophia,114
Marve,179
Maie,3637
Eren,12
Ahto,806
Georg Mattias,11
Agnese,21
Karl Indrek,6
Clelia,6
Neili,7
Arvin,30
Klara,162
Louis,8
Danil,319
Sirel,14
Viljo,139
Juozas,11
Andry,136
Õnne,371
Linas,9
Robyn,13
Madina,20
Vladas,10
Sergo,115
Anait,9
Virmo,12
Vaive,6
Meri,28
Katleen,9
Taigo,14
Aurel,10
Rasim,9
Irmeli,41
Edi,25
Ranol,11
Rudi,8
Koidula,294
Eri,13
Kaja,2321
Kreetel,8
Reti,97
Endre,12
Ehte,20
Karl Jakob,29
Este,22
Pirke,7
Agur,123
Christo,26
Irma,281
Dariya,15
Kristopher,34
Anne-Mari,98
Taire,19
Kevor,15
Leelia,18
Veniamin,148
Grete Liis,32
Agne,206
Mirette,6
Hanna-Liina,51
Kati,1245
Dmitri,6231
Roberto,41
Erlend,135
Karine,104
Loviise,105
Rele,7
Riho,1731
Sten-Marten,29
Triinu-Liis,57
Gea,189
Deepak,6
Grete Maria,16
Taive,55
Kirsi,116
Erena,11
Aigo,29
Klaire,31
Karmo,414
Marita,152
Vitaly,475
Deevi,8
Alyona,38
Juhan,1036
Jonel,6
Carles,6
Andro,264
Anna-Maria,287
Alain,36
Heljo,412
Mirell,383
Kseniia,54
Taavi,2499
Riko,220
Allar,631
Josep,10
Ermu,9
Hurmo,7
Hardi,386
Serli,18
Andrii,201
Iive,33
Aari,39
Kädi-Ly,7
Garmen,22
Vihur,7
Sergiy,74
Koida,6
Yrjö,9
Veiko,1564
Auri,22
Inno,78
Anell,15
Rebecca,193
Loona,43
Eduardo,12
Ronja,142
Yuri,20
Anet,84
Zsófia,6
Halina,6
Ferdinand,37
Agnete,9
Karima,7
Jan Markus,32
Pavel,3104
Janeka,9
Leene,22
Aina,182
Kenneth,317
Eglis,7
Liisi,1171
Raldi,12
Randolf,14
Esfir,16
Anno,24
Aliya,18
Igors,61
Maia-Liisa,18
Hjalmar,19
Aivo,1441
Saile,7
Eliisabeth,28
Pekka,13
Emilia,633
Tony,102
Anastasiia,166
Karl Erik,141
Nico,6
Paap,22
Arles,58
Romily,10
Ulvi,860
Veljo,504
Maarten,7
Morris,38
Juris,51
Aveliis,7
Ando,384
Jalmar,87
Silli,12
Ülvi,28
Rosete,6
Erle,214
Lylian,8
Nathaniel,8
Raim,11
Ingel,68
Kerdo,152
Eia,10
Malvina,20
Carolyna,7
Ele-Liis,8
Susan,48
Hassan,7
Brandon,96
Daniele,14
Kaire,1370
Maivi,56
Gerdy,7
Tanel,2625
Ane,21
Roni,8
Beril,7
Targo,101
Florian,18
Yaroslav,95
Tagnar,7
Henrich,11
Merleen,12
Maret,1718
Renne,7
Artis,13
Hanna Kristin,6
Mirabel,15
Hanna-Leena,6
Heliko,10
Evert,176
Annamaria,16
Rait,873
Keiro,71
Klaus,79
Natalija,293
David,704
Mai-Ly,10
Regle,15
Andreana,7
Alicia,52
Darian,12
Kaisu,14
Eke,30
Karl-Robin,10
Eleni,13
Küllo,34
Madleen,51
Neeme,376
Valdur,623
Nele-Riin,6
Ettel,12
Helle-Mall,31
Alvina,86
Tom,129
Toomas,5802
Grete-Liis,107
Arleen,7
Eldin,6
Kady,46
Kristel-Liis,8
Elenor,36
Heddy,35
Asija,8
Haimar,14
Savva,57
Geir,32
Teini,6
Vitalii,157
Hanna,915
Danuta,15
Merike,3244
Jasmine,17
Mirja,102
Krete,96
Ariane,13
Mia-Marleen,17
Romina,11
Dmitriy,112
Leanika,27
Selene,10
Vyacheslav,664
Vaike,1982
Ilga,21
Hektor,10
Marta Mia,12
Sirve,22
Aivis,10
Kristiina-Maria,6
Marcella,24
Reimond,9
Sandra,2195
Deivy,14
Merete,17
Saul,10
Viktoria,3342
Marvin,124
Christer,25
Uljas,18
Marit,649
Tanno,25
Anneliise,6
Cevin,29
Ilon,9
Mart,2692
Valdeko,196
Pihla,7
Urme,18
Lisanne,105
Kristaps,15
Kaida,39
Barbara,71
Helmut,306
Roland,1103
Andžei,13
Nele-Liis,61
Palmi,59
Lysette,11
Kent,54
Dorel,18
Hanna Liis,21
Domenico,7
Ahmed,16
Jüri,5562
Aigar,470
Vlad,72
Maria-Liisa,23
Anna Leena,7
Aima,27
Bella,63
Rannet,13
Kai-Riin,17
Aksa,8
Alliki,21
Gerrit,37
Enda,117
Platon,142
Linda,2864
Renat,128
Aneth,13
Marilis,45
Leane,19
Iva,12
Sander,3210
Alec,7
Steven,647
Cätriin,9
Illona,6
Irmen,7
Anastasiya,89
Johanna Maria,65
Rogert,6
Hillart,13
Sofia,1773
Stelle,11
Ilmar,1571
Rasmus,2553
Prohor,13
Anzela,6
Juta,1517
Roko,11
Ülle-Mai,6
Maarja Liis,12
Arbo,50
Kevin,2158
Adrianna,8
Belinda,11
Alexandru,10
Rutti,18
Laine,2286
Ameelia,8
Priidik,71
Artemii,6
Lovisa,11
Külle,26
Kaia,601
Erik,2085
Kutt,8
Arabella,245
Gerti,32
Mari,1875
Eevi,1076
Etkar,8
Hegne,15
Maibritt,6
Birgitta,25
Sigre,27
Uwe,19
Joanna,202
Hedvig,107
Martine,6
Herle,10
Glen,54
Pirkko,16
Mall,568
Jakub,27
Renaldo,43
Taisi,110
Vane,9
Kalmer,818
Liis-Marii,47
Marjo,30
Salme,942
Helvi,540
Zulfia,8
Cecilia,12
Lui,31
Celia,21
Eliisbeth,8
Aiki,149
Pentti,6
Daisy,152
Rustam,128
Eglė,6
Margis,21
Gretta,15
Eveline,11
Laura-Eliise,9
Karl-Markus,109
Evgenija,9
Kea,68
Serafima,176
Markkus,151
Petrik,16
Johanna,986
Carl,124
Maja,42
Eidi,19
Heleriin,108
Baiba,15
Stephanie,16
Elmira,75
Hanna-Maria,76
Fabrizio,6
Nella,37
Merelle,23
Elma,132
Ann-Marii,26
Alvin,54
Heivo,28
Iti,98
Galija,11
Rennet,11
Dinis,10
Maicel,8
Manuela,14
Karl-Joosep,26
Garri,42
Evelyn,477
Kaisa-Maria,6
Kitty,14
Cristjan,9
Maarja,1851
Erlis,9
Arden,11
Valve,1030
Ilina,7
Stefanie,21
Maarjaliis,6
Käti,46
Suvi,7
Vika,24
Johan Erik,11
Heelika,26
Yakov,14
Eike,192
Eela,25
Elene,13
Andreas,1244
Talis,105
Väino,1151
Anne-Mai,177
Marie-Eliise,9
Deniel,51
Casper,22
Gren,19
Herta,133
Maria Elisabeth,18
Antoni,20
Asta,1543
Eva-Lotta,64
Elvira,512
Luisa,140
Tiia,2276
Georgi,918
Markos,53
Simmo,109
Tulvi,8
Anli,7
Miia-Mai,8
Karl-Hendrik,36
Anne Mai,10
Gagik,6
Gisela,38
Christina,117
Ksenja,65
Riana,19
Pamela,41
Maria-Elizabeth,7
Erelin,6
Miriam,65
Ellin,6
Deivid,72
Gerden,6
Rommy,10
Ivan,3333
Sima,7
Heimar,93
Karel,754
Elli,471
Sven Erik,22
Mervet,6
Rando,931
Maigrit,8
Gerhard,61
Lilja,121
Kuuno,69
Ardon,9
Harry,582
Elisaveta,39
Ado,152
Arsen,56
Doora,6
Amalie,8
Maanus,110
Liga,11
Sarmite,8
Armine,15
Ly,1013
Ilvi,86
Olvi,48
Salima,7
Ingeborg,28
Mailin,6
Marjeta,8
Elvar,10
Rūta,7
Andrej,43
Ingeri,9
Giovanni,11
Ljudmilla,2513
Aleks,548
Liivo,62
Marjanne,37
Harro,14
Torm,18
Velly,16
Heleryn,8
Kadriliis,9
Aado,114
Jarek,157
Hanna-Liis,40
Meliita,7
Leaanika,7
Aldin,8
Dina,327
Ludmila,81
Laura Helena,13
Maido,347
Liine,40
Hanna-Loore,29
Hedvi,16
Kustas,36
Eva-Kaisa,6
Janete,46
Kennet,146
Valentiina,15
Merli,381
Anneli,3437
Kiti,6
Aaron,263
Karlos,56
Loo,10
Rea,52
Kevyn,12
Tammo,12
Kristen,323
Rille,14
Lehi,6
Silleriin,9
Õile,15
Hiie,295
Germo,203
Matteus,18
Nataliya,246
Dimo,8
Janely,206
Olger,44
Nete,12
Zara,9
Arkadi,320
Alice,399
Nikolas,47
Venno,62
Hannaliina,6
Holden,18
Trine,8
Celine,15
Carlos,108
Arthur,236
Teemu,6
Filip,20
Konstantin,2192
Naim,6
Kerri,20
Marell,10
Enriko,94
Marcel,48
Katrina,225
Bosse,6
Rednar,16
Vardo,35
Hanna-Liisa,213
Halar,6
Kare,7
Kerto,27
Jessika,44
Elna,101
Hele,543
Amiran,11
André,27
Silvar,139
Ange,19
Slavik,12
Pertti,22
Märtin,28
Sofija,368
Kerli,1523
Isabel,320
Johan,234
Edeli,6
Ernst,97
Cathlyn,7
Kaimar,228
Kein,8
Eve-Mai,11
Kristi,3251
Anna-Liina,14
Gredi,7
Saale,76
Teevi,27
Anelle,64
Sören,77
Madli,426
Styna,6
Marlee,11
Amor,17
Evald,396
Ioanna,6
Isaac,13
Sergej,37
Dane,11
Eiri,11
Viivi,812
Joanna-Maria,7
Merja,23
Kenno,151
Argo,1361
Kata,12
Deniss,1525
Zarina,26
Mari-Mall,7
Ireena,7
Sandre,7
Eston,22
Aliis,103
Geiri,20
Aliina,38
Franko,13
Ainar,320
Paulina,39
Ranno,376
Karl-Heinrich,7
Marissa,30
Maio,7
Karli,265
Reilika,74
Avely,65
Jennyfer,10
Urvi,24
Õnneliis,9
Ingrit,156
Julian,46
Norbert,27
Sarra,12
Tannar,22
Aveli,126
Ed,6
Uudo,124
Tess,8
Jette,74
Andu,67
Brent,32
Vanda,108
Vambo,34
Sten-Erik,87
Jass,40
Ilona,1295
Margot,378
Pent,15
Ott-Sander,9
Eret,104
Andria,10
Verner,140
Alessandro,49
Helvis,7
Heido,68
Austra,10
Aido,14
Annabrit,6
Flora,22
Tomasz,13
Margut,7
Ketryn,6
Astrid,791
Bernhard,51
Kirli,16
Sam,7
Getter,447
Alo,551
Kalmet,13
Anastasija,589
Rosina,12
Ami,15
Enely,131
Cristella,24
Alena,156
Stein,10
Kristlyn,8
Yoko,8
Adeli,9
Tiina-Mai,15
Dianna,14
Taimo,257
Liisa,1560
Illi,41
Janel,30
Michael,162
Giorgi,41
Arsi,9
Egor,318
Evan,40
Kennert,83
Katri,512
Ove,162
Helmer,21
Ildar,33
Jagnar,11
Hugo Markus,8
Raiki,38
Romas,23
Liya,26
Katie,6
Olja,12
Guy,7
Iiris,191
Zlata,171
Gretlin,11
Ketevan,8
Nadežda,3847
Vasilina,31
Gediminas,10
Ilze,18
Terry,7
Raigi,6
Rajar,6
Carine,11
Karl-Johan,11
Getri,14
Mari-Leen,25
Jasper,274
Andris,235
Reile,6
Liilia,451
Hain,36
Iivo,28
Paolo,34
Andrejs,91
Vafa,6
Tamur,55
Sonya,10
Arlet,37
Romario,13
Lavrenti,14
Markus Oliver,9
Anzelika,25
Julia,4422
Fyodor,29
Ea,15
Madara,11
Taili,11
Villi,116
Inger,99
Stener,11
Kaarli,23
Maini,8
Annemai,62
Braian,27
Ieva,49
Rosa,25
Klim,52
Kelis,16
Hälis,26
Iivar,9
Jaanek,126
Ra,11
Karl-Toomas,6
Nil,11
Sulev,1221
Revo,147
Dilara,8
Jan-Marten,13
Eva-Mai,9
Jevsei,6
Ramon,210
Veranika,16
Paul Oskar,6
Laura Liis,33
Mari-Liis,1163
Frederik,96
Heldin,30
Mykola,249
Anne-Grete,8
Ulle,6
Eilike,21
Eron,21
Jari,10
Anna-Marie,17
Lehti,159
Vitalia,27
Doris,250
Federico,28
Alexey,1518
Daniel,1600
Egely,12
Kairo,141
Erti,21
Algi,34
Hannele,40
Richard,907
Levo,11
Keret,11
Harold,29
Orm,24
Cathrin,6
Dagne,51
Jordi,6
Leiki,13
Mari-Ly,37
Karl-Kristofer,8
Rina,23
Diego,25
Indres,6
Erica,21
Darja,1764
Jaen,10
Janelle,117
Svjatoslav,98
Vladimer,13
Kredi,6
Kalvin,43
Crislyn,13
Cerly,6
Galja,11
Rihards,13
Gerlin,76
Arli,72
Tuule,86
Felipe,7
Aimi,188
Vadim,2333
Ljuba,24
Reinhold,37
Therese,34
Irje,35
Aule,45
Isabell,25
Gabriel,252
Maris,1768
Rebeca,94
Maru,51
Handro,9
Dairi,15
Bogdana,12
Filipp,173
Valdo,451
Reta,16
Björn,30
Kätly,6
Juss,110
Annabell,62
Gennady,690
Caius,13
Uuno,156
Siivo,14
Gatis,17
Katriin,343
Keiju,9
Marjan,28
Egeth,6
Aldona,32
Marino,10
Lembit,2327
Hiljar,14
Ulrike,17
Amina,71
Evely,261
Edgar,890
Tuudur,7
Geio,13
Annete,8
Keisi,11
Alger,42
Annelii,78
Kalvar,21
Bärbel,26
Sara,57
Rikardo,15
Tessa,27
Anabel,56
Dajana,57
Meigo,43
Eedi,45
Eric,157
Getlyn,18
Lennart,313
Sonia,25
Leevi,73
Natalie,69
Elina,1464
Kris-Sten,11
Kätliin,17
Kadrin,45
Laurynas,6
Kaiko,24
Cathleen,12
Marku,6
Melisa,8
Iliana,12
Kardo,215
Sten-Marcus,10
Helis,199
Livika,7
Margitta,12
Aurelia,91
Jozef,9
Estin,8
Janette,58
Edvardas,8
Loore,342
Svea,139
Evgeniia,38
Mariza,6
Gerth,17
Kadriann,27
Iulia,6
Rebeka,234
Larysa,55
Arvet,147
Tairi,120
Aire,716
Grigor,7
Udo,296
Vjatšeslav,2092
Aeliita,6
Gerit,15
Karl Sander,24
Mairika,27
Nika,182
Heili,551
Pirko,19
Marleene,10
Bettina,6
Mikk,1211
Matilda,84
Nelli,623
Nataliia,138
Marja-Liisa,70
Ruut,9
Merille,10
Kerttu,463
Mari Ann,23
Peeter,4095
Ive,76
Rada,25
Serena,25
Henriko,23
Mihhail,3444
Ivetta,25
Kelian,16
Friedrich,25
Sviatlana,13
Reivo,48
Merlis,51
Kirils,9
Käthrin,6
Merino,6
Rihu,6
Ann-Mari,7
Greeteliis,6
Hilma,108
Heino,2028
Järvi,21
Liiljan,6
Gregori,31
Mia Mai,12
Hannaliisa,35
Anne-Liis,165
Bruno,317
Reine,63
Sarah,86
Aadu,275
Fredy,77
Avo,1146
Johanna-Liisa,12
Meeli,571
Stefi,23
Pirgit,86
Eve,3062
Kunnar,163
Jegor,694
Merita,11
Brit,90
Kurmo,25
Arno,866
Katty,6
Ritta,40
Stenar,28
Linda-Marie,10
Katriine,14
Liivar,35
Jan-Martin,15
Dennis,47
Vergo,10
Agaate,6
Kattre,14
Egge,19
Oole,9
Milan,64
Fred-Erik,9
Anfisa,54
Ludvig,30
Karet,21
Hellen,62
Ender,6
Kristina,4047
Pille-Triin,19
Dominic,138
Haiko,6
Raneli,22
Külly,15
Merith,7
Valja,13
Aivar,4313
Marie Elisabeth,12
Gertrud,181
Saima,655
Keterli,7
Frants,25
Noelia,6
Rebekka,49
Hanna-Lotta,10
Annica,6
Armin,429
Cristel,27
Fernando,23
Kiur,88
Kerit,11
Kelin,23
Vallo,439
Christiana,7
Illarion,16
Aaren,7
Gudrun,22
Oili,6
Rut,10
Ingmar,248
Inge,1034
Jolanta,34
Vanessa,279
Benjamin,68
Vahur,1171
Iren,63
Kim,74
Deelia,15
Enno,1077
Kauro,17
Dag,8
Jadviga,57
Susanna,268
Danver,13
Riika,16
Annela,189
Aliide,106
Lore,21
Raivi,25
Jano,21
Kazimir,23
Lorette,22
Liivi,1249
Karry,8
Raquel,10
Shirley,8
Ranar,31
Casandra,11
Flo,6
Anna Maria,103
Ida Maria,13
Reinar,20
Adu,38
Almi,8
Veelika,7
Marii,332
Räni,8
Elve,753
Yulia,645
Aigi,177
Evgeniya,313
Robi,96
Mariina,95
Oleksiy,27
Rannu,6
Marieta,11
Gerda-Liis,8
Mauri,100
Siimon,22
Cetlin,6
Tähte,27
Marta,1174
Francesco,47
Karm,6
Velli,117
Ruudo,8
Heveli,8
Alfred,295
Rom,9
Biruta,10
Helge,139
Rachel,24
Kullo,19
Assar,18
Heikki,348
Ariel,20
Heli-Liis,7
Heidi,871
Ringa,34
Agnija,15
Marjen,9
Keimo,30
Dalia,25
Mery,13
Dimitri,190
Janre,14
Relia,8
Erland,9
Arlo,10
Rebecka,7
Nail,33
Boriss,894
Maikki,8
Keitlyn,29
Kenert,168
Kädi-Liis,15
Roman,4183
Volli,118
Krestina,14
Sepo,21
Veijo,7
Sigmar,110
Eget,8
Jost,6
Michal,21
Taissia,222
Alje,25
Anna-Liis,45
Mariken,18
Volodja,7
Keili,199
Margery,6
Kaily,26
Zanna,10
Hele-Riin,63
Anna-Stiina,7
Lemme,75
Keiti,206
Hinno,19
Marta Liisa,19
Katy,12
Izabel,7
Ilmi,116
Evari,6
Yurii,91
Antonio,42
Mairold,184
Mervi,21
Eiko,100
Gintaras,11
Raphael,6
Ergo,474
Keia,7
Lyana,9
Revor,10
Loviisa,72
Sixten,35
Anar,56
Karla,68
Gabriela,52
Ahti,798
Ausma,10
Airis,45
Enrico,178
Maime,71
Kerrit,8
Härmo,25
Kerty,8
Anatoliy,76
Armanda,8
Helo,23
Stella-Maria,19
Ramo,16
Sophie,51
Nadejda,30
Ebe,146
Hilve,17
Heigo,440
Martiina,23
Peep,976
Veste,9
Nijole,12
Mariane,9
Kaspar,2153
Heldur,647
Maaja,232
Luna,22
Jürgen,644
Vasili,16
Laidi,88
Teimuraz,6
Tajo,19
Edvin,259
Sirelin,45
Elisabetta,7
Elkhan,7
Diandra,36
Ole,19
Gerlyn,14
Mauno,66
Gevin,26
Aston,28
Farida,13
Krõõt,44
Airon,59
Leenu,19
Mik,6
Luiza,79
Lyudmila,141
Daiva,14
Maryam,12
Lisett,155
Karl Joosep,44
Illa,29
Marcos,69
Lya,73
Ädu,9
Tomi,98
Dea,72
Karmi,8
Vladlena,51
Toni,48
Edvig,12
Imant,10
Arik,8
Jānis,50
Liis Marii,19
Maria Elisa,10
Megan,7
Tave,10
Arko,68
Raune,6
Jandra,21
Kai,1190
Ljubov,2881
Christin,40
Anetta,26
Karl-Martin,118
Melanie,72
Alan,321
Velvo,32
Hurmi,15
Gitte,7
Jan Erik,59
Eduardas,8
Endrik,109
Randor,9
Mia Elise,7
Nata,7
Aida,79
Ilgar,12
Edit,30
Anton,2389
Esther,32
Hege,8
Eve-Ly,38
Aiver,11
Mirit,9
Aalo,23
Ioulia,7
Neli,9
Gerttu,39
Tatsiana,21
Artem,315
Bert,105
Talvar,11
Irada,7
Ilja,2078
Roksana,17
Ero,46
Elbe,59
Eliina,54
Eden,7
Raid,18
Gelia,8
Inari,12
Nicholas,22
Iloona,10
Venera,49
Karevi,6
Eva-Liis,19
Timofei,410
Eva-Lota,16
Daniell,9
Nicola,15
Ruti,76
Selje,19
Evelina,438
Virje,12
Ramol,6
Emilio,6
Cameron,8
Willem,21
Liisa-Lotta,30
Seila,29
Nemo,10
Raimu,55
Riine,56
Sabina,95
Tambet,316
Miralda,127
Mike,42
Hevelin,9
Aulis,57
Ardo,484
Siive,7
Algar,8
Annegrete,10
Vallot,10
Norman,151
Anika,19
Raik,24
Markus,2292
Viiu,170
Remy,141
Yuliya,89
Ian,42
Elmet,59
Karolina,526
Maivo,6
Koidu,412
Virko,112
Dmitrii,122
Elisa Marie,6
Leivo,20
Raini,71
Jelena,10520
Jürjo,18
Juulika,11
Evika,6
Elana,6
Edna,30
Laureen,97
Rica,19
Kättlin,6
Keijo,197
Sonja,127
Leele,13
Kretlin,9
Kalli,148
Ebe-Kai,12
Deivi,69
Christoph,17
Martti,527
Maie-Liis,8
Viljar,850
Tamar,40
Indrek,3544
Murat,17
Aljona,1153
Keiri,28
Laura Johanna,13
Lubova,8
Uno,1123
Evelin,1645
Riin,402
Genrich,16
Mehis,346
Marleen,793
Vincent,24
Andrea,215
Ann,372
Leonard,117
Keneli,21
Greete-Liis,25
Liidi,73
Käde,9
Viigi,31
Ahmet,9
Gretelis,6
Otto,385
Mait,953
Antti,244
Adi,11
Anto,65
Christofer,107
Sofie,32
Valju,24
Tšeslav,12
Leon,175
Ard,10
Sintija,7
Reesi,60
Ilda,46
Iris,417
Erly,7
Pauliine,47
Reigo,529
Hristina,32
Simon,242
Petr,366
Viktorija,474
Hasan,11
Hannah,53
Elge,27
Meljo,7
Rauf,16
Grete,1234
Gersti,21
Stenver,67
Kathriin,11
Tiidu,6
Meelik,14
Sveta,8
Erika,1320
Eteri,16
Johannes,1128
Mari Liis,28
Siina,68
Ailo,15
Yevgeniy,10
Gennadi,1823
Danilo,9
Arman,22
Alexandre,76
Eszter,6
Alissa,262
Brayan,18
Illia,25
Aita,630
Helyna,6
Maara,15
Gerty,14
Alvi,94
Mariliis,656
Gaili,37
Liza,32
Renita,46
Helery,84
Krislyn,28
Egerd,15
Olivija,7
Marcela,6
Marella,11
Reeli,146
Hele-Mai,46
Ingely,6
Oscar,108
Kersten,20
Mardo,80
Karl Oskar,71
Karl-Gunnar,7
Nelja,148
Meelis,3462
Rein,5193
Marjam,20
Dorit,6
Genry,8
Kaari,118
Nadya,6
Evdokia,138
Hanna Liisa,30
Gristel,32
Natalia,4143
Kuido,222
Daisi,87
Lauren,95
Harris,15
Gerlika,6
Mairit,69
Innar,180
Kaisi,37
Airike,17
Astra,185
Gurgen,6
Noomi,7
Almer,20
Hegert,24
Risko,20
Elmer,30
Elja,41
Julius,91
Laivi,166
Annette,52
Brenda,98
Andras,13
Anri,36
Cristo,38
Eha,2490
Heleliis,8
Janett,16
Marine,17
Marietta,59
Bela,19
Kessu,16
Monica,181
Saida,22
Iryna,137
Ranet,67
Geiu,12
Irakli,19
Dagnar,10
Kille,17
Natali,156
Hannalore,9
Deana,22
Alen,37
Judit,8
Kaidu,58
Nailja,32
Maige,42
Tea,477
Vaido,227
Geelia,7
Kadre,33
Merliis,9
Käty,21
Grethen,8
Toini,23
Jako,205
Gaspar,21
Harly,20
Merilyn,256
Andrian,50
Daaniel,41
Vlada,121
Daiana,8
Silvi,1885
Rayan,36
Raja,116
Stefani,77
Pedro,13
Sebastjan,6
Apollinaria,8
Gen,22
Karl-Erik,191
Deily,26
Paulius,8
Klen,25
Elviira,238
Tarmi,7
Viire,77
Feliks,309
Anett,404
Eveliis,24
Klelia,7
Gelli,7
Arlen,7
Isabelle,21
Aline,11
Fiona,20
Ramin,14
Heitti,11
Anne,5195
Lija,66
Tetyana,33
Rohan,11
Kariina,41
Stever,26
Pia,63
Airo,26
Jarko,93
Tigran,30
Heliis,31
Tõnu,3193
Enelyn,7
Vladyslav,48
Valeriya,99
Kristjan Jaak,10
Vivian,200
Eveliin,23
Sigrit,233
Tina,24
Laura-Liisa,164
Harley,11
Laile,12
Elly,40
Liia,1148
Ehtel,31
Rosiine,7
Jarkko,12
Greg,21
Sulo,57
Livia,96
Kulno,68
Elizabet,37
Ewa,13
Bertha,19
Valmar,187
Ivo,1545
Herkki,47
Teele,666
Reemo,32
Braien,32
Tjorven,9
Mery-Liis,8
Neil,17
Janary,8
Sirely,12
Li,37
Omar,80
Elise,318
Raimo,845
Janno,1305
Alondra,31
Herly,6
Agathe,23
Galina,8606
Marko,3880
Avelin,18
Alle,13
Marje,1228
Pille,2545
Yuriy,59
Vladislavs,22
Eva-Maria,165
Sabiine,7
Hildegard,77
Severi,11
Aet,275
Loide,7
Saamuel,56
Edgars,59
Liy,12
Rika,49
Gris,8
Keivo,13
Christjan,17
Arne,848
Piret,3503
Hallar,23
Sondra,8
Mustafa,10
Merly,65
Andželika,36
Angelo,10
Ellinor,23
Pirje,77
Veronika,2112
Viivian,26
Mihael,12
Steffen,20
Iosif,24
Kamil,27
Getlin,50
Janeli,293
Amelie,20
Heleene,61
Arkady,43
Zhanetta,8
Cristiana,7
Helle,2214
Liset,41
Tauro,7
Jevgeni,3842
Beatriz,12
Guldar,9
Leopold,36
Karit,51
Valerij,12
Zoya,454
Roosa,25
Malle,3106
Rolando,13
Velve,27
Anry,6
Kerry,12
Tiiu,4593
Ants,2990
Rayen,9
Bianka,55
Maximilian,53
Viia,142
Eili,156
Jagne,10
Elza,45
Aleksandrs,111
Genno,14
Karl Mattias,46
Eti,15
Marti,213
Nadiia,77
Sevil,15
Jose,6
Jann,13
Siret,772
Avelina,7
Eelika,83
Vally,39
Els,34
Aadi,72
Denis,1642
Yvonne,10
Kaireen,7
Hendriko,10
Lenne,68
Uuve,22
Etti,8
Eero,688
Klaudia,52
Kennar,8
Enna,127
Daile,11
Kimberly,25
Tooni,17
Kati-Liis,7
Lauris,17
Hindrek,162
Hermann,37
Ruttar,17
Ertti,6
Lisella,9
Vööbe,7
Mariika,8
Ljubomir,10
Loreen,85
Päär,6
Matias,30
Carry,6
Karl,2434
Taali,16
Angely,7
Leia,18
Jane,1337
Leho,302
Greetel,15
Ivar,1548
Hetlin,8
Janis,396
Arto,83
Egrit,7
Enzo,8
Arnold,639
Aavi,8
Kerta,9
Merko,16
Deisy,27
Kertu-Liisa,7
Aldis,36
Katarina,366
Ilma,85
Mariin,77
Ott,829
Malve,40
Guntis,7
Liisa Lotta,14
Kenti,9
Kamilla,163
Emmanuel,6
Aysel,6
Sirli,703
Anatoli,2644
Jander,22
Kullar,34
Jordan,17
Christella,27
Dmitrijs,47
Matthew,15
Urmas,4429
Herko,39
Anna-Kaisa,18
Reenika,8
Ingeli,18
Elor,16
Arvid,35
Ira,165
Ralf,491
Glaid,10
Remii,10
Mareks,11
Maritana,14
Georgina,8
Kätrin,116
Ristjan,18
Marlon,60
Tarvet,7
Liile,11
Marike,29
Rio,9
Elona,21
Thomas,203
Geily,26
Ben,21
Jaarek,8
Astrit,65
Thor,29
Erely,7
Ingemar,48
Vjacheslav,8
Leigi,9
Airit,9
Jurgita,10
Inara,33
Eeri,120
Inese,32
Kauni,6
Eneli,501
Malika,19
Neve,14
Välek,8
Helena Maria,10
Rainet,14
Karl Oliver,11
Praskovja,72
Vasily,687
Daivi,8
Girta,9
Ria,8
Mari-Helen,6
Kristlin,30
Vaino,99
Jaroslavna,6
Kaivar,9
Aliise,49
Jaagup,257
Aimur,98
Liilija,16
Dolores,25
Karl-August,13
Jete,58
Raimund,43
Laura Elisabeth,6
Anette Maria,8
Marvi,132
Ariina,10
Kristjan Martin,6
Lenneli,10
Lagle,100
Anna,8497
Axel,37
Stephen,6
Marlen,139
Säsil,21
Hans,737
Vambola,370
Giulia,31
Tereza,38
Enrique,13
Sofya,48
Andre,1205
Anita,630
Ell,33
Harles,58
Trinity,21
Simona,258
Alessandra,32
Grigory,173
Viola,49
Izabela,8
Aidi,52
Sofi,46
Uve,50
Ede,78
Egne,99
Sten Markus,27
Kenerth,11
Nora,453
Gerda,644
Michele,20
Giuseppe,25
Franek,10
Ismail,20
Krislin,176
Ala,18
Vilvi,27
Martins,6
Ion,31
Taivo,957
Danis,8
Demjan,30
Karl Eric,12
Maaris,56
Anna Grete,7
Alica,6
Ilya,332
Slava,17
Elvis,174
Karoliis,15
Ermo,235
Illo,11
Emre,10
Yaroslava,18
Rainis,348
Aivi,446
Erina,6
Elisabeth,888
Marius,175
Robertas,12
Mete,6
Marika,3173
Fredrik,18
Anneke,9
Geido,12
Andi,255
Berk,6
Andrius,26
Aleksej,16
Hülle,22
Karl-Johannes,41
Kerlyn,12
Mariela,9
Helina,782
Kairiin,36
Hana,16
Iivi,178
Berta,88
Aare,2274
Aidan,8
Alexei,43
Ryan,46
Egeli,21
Liilja,12
Christiin,6
Krisete,16
Elton,17
Ursula,309
Reeta,18
Elen,357
Kai-Ly,8
Nana,22
Nadezda,566
Agnessa,97
Olesja,736
Henriette,24
Izabella,57
Gretel,72
Marian,264
Merilin,974
Ereli,15
Kertti,11
Ellina,38
Valera,6
Meelimari,6
Juhani,35
Vivika,99
Moona,30
Ere,109
Alexis,13
Lukas,247
Darija,29
Häly,9
Reno,170
Christofer Robin,7
Ave-Ly,24
Ruslan,1316
Remi,257
Kadri,3280
Angelika,449
Uljana,470
Heete,17
Hannabel,24
Oskar,1322
Õilme,265
Taaniel,168
Jaane,24
Marica,6
Joann,32
Miko,132
Elis,695
Viido,18
Karl-Eerik,41
Enelin,78
Meila,6
Mija,7
Ron,67
Evgenia,286
Lene,22
Birte,7
Karl Olaf,6
Iya,15
Estel,6
Erol,9
Elleonora,8
Sirje,5240
Kaijo,16
Viive,1072
Talvi,164
Olesia,27
Perit,16
Geit,24
Erling,8
Maribel,286
Mare,3208
Ramses,35
Indra,68
Tormis,34
Ete,11
Kairi,1667
Rutt,333
Rolf,38
Frederick,15
Hannaly,10
Karl Mihkel,20
Riivo,320
Valentin,1219
Irina,10415
Siim,2967
Talvo,12
Jaakob,14
Saskia,355
Brett,19
Helikar,16
Leelo,319
Brittany,10
Are,202
Marcello,6
Tähti,45
Eveli,464
Gustavo,8
René,101
Matis,160
Lee,133
Lilly,12
Katherine,12
Toms,9
Chris,163
Mila,65
Aiti,7
Edith,196
Raidi,36
Alina,2000
Timothy,16
Sirkka,12
Angelica,82
Siim-Sander,28
Olari,239
Gete,33
Donna,6
Alvar,602
Franz,33
Desiree,65
Aigor,19
Kenn,15
Villo,21
Sass,30
Maarjo,50
Heinrich,151
Helerin,194
Iiri,27
Taisto,53
Kuldar,519
Merilis,7
Aimo,16
Elia,6
Ranner,18
Roger,230
Ricco,28
Noora,79
Ela,24
Marnet,17
Lille,120
Stevin,8
Jurijs,33
Ivari,92
Craig,6
Sanne,20
Lidia,1687
Ljudmila,3492
Marilii,16
Kaisa,1432
Mona,151
Mehmet,6
Juzefa,16
Teo,25
Herbert,121
Mihail,356
Kyrylo,11
Tenno,88
Helen Marie,6
Karl-Gustav,51
Merily,371
Leila,256
Dorrit,11
Kristjan,4384
Marjette,14
Vassili,1392
Dagny,10
Heily,66
Ken-Martin,23
Aile,225
Jaano,110
Marlin,11
Rihhard,33
Eva-Liisa,87
Rhea,10
Aap,30
Marili,248
Sebastian,637
Morten,127
Anete,417
Gayane,10
Urmi,26
Õnnely,13
Liane,52
Cristofer,83
Amy,12
Lüüli,53
Dieter,7
Viktor,5943
Valmer,17
Malik,6
Laura-Lisete,7
Esmeralda,10
Häli,69
Virve,1825
Anne-Marii,8
Stan,6
Amir,49
Aune,185
Theo,18
Kreete,148
Elsbeth,8
Keete,13
Dominika,77
Elsi,29
Angeelika,145
Kirstin,19
Ingra,11
Mette,22
Denys,47
John,40
Ruben,162
Romek,122
Airiin,36
Ats,545
Ines,163
Kamelia,9
Anders,132
Agnes,1053
Aleftina,132
Katrin,5336
Helger,51
Leona,23
Neidi,48
Mikael,80
Katti,33
Lizett,14
Eva Maria,56
Vitaliy,60
Mohamed,14
Sten-Mark,10
Taisja,12
Danny,7
Hanna-Grete,12
Elke,36
Ivika,217
Karilin,17
Meino,10
Inesa,14
Elys,15
Valdar,28
Aiko,36
Annabel,840
Niko,7
Ulrika,44
Eliisabet,125
Karl Marten,36
Iia,64
Anne-Ly,321
Kadri-Liis,55
Stanislav,1716
Caroline,91
Vilho,13
Hubert,92
Timur,544
Valentina,9308
Leino,117
Martin,6400
Pierre,6
Mirko,255
Sami,7
Külli,2091
Margit,2362
Tõnis,1927
Kaiu,44
Edgard,21
Keido,25
Manivald,38
Guzel,16
Karl-Andres,7
Carita,30
Meribell,30
Laura-Marie,11
Reena,136
Kaarel,1378
Üvi,11
Tevo,14
Asti,33
Kairi-Liis,7
Luka,69
Meliina,7
Mariella,23
Eenok,12
Mihai,6
Aleksei,6778
Taras,50
Kulvo,6
Angus,7
Lotta,48
Halliki,28
Vieno,9
Ragnar,1164
Kaspars,24
Katren,9
Nadia,34
Jan Robert,8
Raavo,31
Felicia,13
Hellart,10
Liisa-Marie,21
Askold,7
Camila,6
Taago,57
Mathias,336
Ralph,11
Tiana,6
Terje,1607
Adeliina,15
Tristjan,29
Siire,10
Eha-Mai,12
Geete,18
Anne-Liise,6
Delia,51
Tarvo,640
Kert,1001
Janica,8
Ravel,30
Mallor,30
Valle,28
Carmela,11
Tiivi,87
Hasso,24
Marsella,11
Janela,6
Karri,18
Elmu,66
Siiri,1548
Amira,33
Marlene,40
Ade,46
Mirelle,119
Kaide,26
Mercedes,12
Roosi,149
Rommi,60
Mats,87
Dan,101
Pjotr,912
Grit,35
Olaf,108
Renel,10
Valev,139
Karoliine,217
Ele-Riin,20
Lasse,60
Tiido,16
Janne,853
Kaider,19
Katria,8
Robert,2203
Alsu,18
Nastja,11
Lucas,105
Keirin,11
Jeremy,6
Heneli,10
Heleken,6
Osvald,132
Kelina,6
Henn,297
Andrew,27
Aada,40
Alevtina,521
Ave,1536
Riita,75
Erje,13
Sanna,67
Karl Johannes,42
Ulna,11
Jaanis,244
George,33
Enni,7
Petri,24
Karl Henry,6
Vera,1287
Aleksandar,8
Rutha,6
Kristelle,137
Tauris,9
Lembe,72
Maiki,72
Franco,19
Käroly,18
Delis,24
Aimer,10
Berle,8
Mariya,104
Polina,1406
Rainar,75
Olle,92
Keily,54
Estella,18
Ottomar,43
Elle,1519
Taima,46
Huko,28
Lidiya,47
Agu,437
Eliza,49
Kerlin,88
Terle,17
Johann,171
Aila,39
Jonne,13
Brigita,155
Leanne,14
Erlika,9
Elger,18
Tuulikki,18
Märt,1253
Liilika,12
Chrislin,15
Muhammad,7
Virkko,12
Charlie,7
Karo,7
Tim,52
Ruudi,133
Kerti,79
Lisa-Marie,7
Meelike,85
Marie,601
Samuel,277
Tõnn,48
Küllike,481
Cärolyn,14
Markus Erik,16
Andrei,7587
Mstislav,7
Svetlana,10275
Rooland,23
Valeriy,663
Jutta,27
Kairika,10
Zhanna,191
Orvi,19
Adeele,303
Kristo,2000
Maija,98
Reino,226
Merle,2669
Melany,50
Illis,6
Nancy,19
Helen,2462
Mia Brit,7
Enela,11
Eneken,105
Merliin,11
Lilith,11
Alida,31
Reini,8
Tania,8
Hettel,16
Gajane,29
Raivo,3425
Arge,9
Stiiven,7
Jaanar,6
Maire,2220
Elar,279
Malvo,9
Kaivi,6
Kateryna,93
Kärolin,141
Betti,34
Margaret,169
Ergi,16
Carolina,159
Liam,19
Elmo,316
Merilen,8
Yasmin,10
Jens,43
Valentine,62
Arp,10
Giina,16
Raile,19
Ignar,13
Karl Jürgen,9
Heli,2334
Anna-Stina,11
Maria Helena,32
Semen,63
Calvin,20
Anželika,621
Leiger,18
Kaileen,33
Kenor,20
Aino,3135
Trevon,46
Joakim,14
Kairin,16
Greeta,12
Hergo,22
Diāna,11
Kiara,24
Helin,276
Nelet,11
Geity,9
Kristhel,7
Viivika,239
Airin,18
Elnara,16
Ketly,26
Gemma,7
Sairos,12
Oliivia,23
Esti,32
Ali,58
Elvina,52
Pääsu,12
Annemari,81
Vassilissa,41
Mirta,10
Mathilda,22
Üllar,882
Rolandas,16
Silver,2067
Agris,76
Ken-Martti,15
Demi,23
Agor,30
Hillar,932
Laura-Liis,107
Maira,20
Peedu,150
Lima,9
Agni,17
Tomy,20
Kevo,7
Milli,54
Regor,23
Kaivo,67
Karina,1564
Sarah Maria,10
Peter,188
Karyna,11
Timofey,75
Keiu,182
Ilian,19
Ravo,31
Triin,2815
Juula,10
Fabio,13
Inga,1460
Liubov,1141
Brait,27
Aneli,12
Joel,569
Maria Kristiina,8
Ode,13
Carolyn,79
Anda,7
Rimma,522
Virginia,34
Manfred,40
Rannus,13
Riido,37
Miia,328
Endi,13
Ester,1200
Annika,2738
Markkos,7
Eduard,2693
Abigail,10
Oksana,2156
Reymo,10
Amar,10
Madlen,15
Daniels,11
Kristiin,126
Susanne,47
Ülari,147
Joanna Maria,11
Eliisbet,8
Janita,10
Vaili,8
Donatas,11
Eivi,11
Loone,13
Reimo,654
Mattias,1055
Nadine,9
Vaiko,120
Sandra Liisa,6
Catlin,18
Ruzanna,9
Ken-Marten,24
Den,11
Agneta,27
Leena,257
Karl-Mattias,29
Marjut,8
Liseth,12
Murad,14
Ksenia,1221
Anja,24
Zahhar,32
Urmet,196
Mare-Liis,16
Nikon,14
Lucia,40
Devin,56
Maya,70
Pearu,28
Snezhana,16
Sten-Erich,10
Arif,7
Andriana,15
Sirlika,6
Günther,47
Aldar,13
Kusti,70
Mileen,8
Mariam,57
Merilii,25
Girtel,10
Nick,9
Loren,7
Cärolin,32
Ruth,1018
Art,86
Patric,14
Sille,494
Ülve,18
Edda,106
Erli,44
Bence,6
Pauline,55
Lev,482
Freddy,76
Josten,10
Lennar,22
Horre,18
Stig,52
Reljo,20
Merge,22
Päivi,27
Daniela,130
Kaira,21
Heilika,41
Cristin,15
Taimi,956
Levi,9
Ani,14
Raino,166
Ramilja,14
Jorke,6
Auris,12
Mihkel,2973
Nastassia,8
Jaren,8
Caspar,118
Uko,64
Teneli,12
Alexandr,48
Eileen,15
Kertrud,11
Lennard,18
Maxim,521
Kalver,42
Ragner,27
Ege,170
Pyotr,100
Raida,18
Miia Maria,12
Aller,12
Eugen,104
Kreteli,6
Jevgenija,234
Thea,246
Gaily,20
Kriss,14
Heleri,401
Annabella,14
Egert,867
Miguel,15
Meel,6
Anna-Mari,18
Mark Erik,18
Raigo,721
Romel,27
Joonas,895
Anti,864
Alvine,31
Aadam,21
Aulo,15
Eli,63
Annett,20
Marijana,9
Eva Liisa,19
Hanne,13
Lika,31
Annegret,16
Jorgen,45
Danute,18
Indro,18
Kristoffer,10
Aidar,11
Mirje,99
Katrine,8
Alisa,867
Vairo,11
Einar,777
Ariana,122
Alge,19
June,7
Silvo,12
Katerina,272
Alia,21
Martha,83
Patricia,34
Kaysa,7
Rafik,18
Rannes,6
Helika,53
Aro,18
Janeliis,12
Mirra,19
Danila,203
Oskars,11
Marta-Liisa,11
Anil,6
Olga,10801
Geia,6
Margita,15
Leonardo,37
Raimi,10
Kärt,804
Ramiz,16
Marilin,249
Eliise,997
Kaio,14
Pille-Riin,287
Nikita,2666
Garik,8
Alvo,6
Paul,1162
Annely,801
Anastacia,8
Fedor,142
Anžela,424
Hedit,8
Anne-Maria,24
Harli,38
Ivans,13
Ievgeniia,7
Aime,2008
Marek,3013
Margareta,45
Sven-Erik,59
Karl Villem,7
Eerik,402
Haidi,17
Lissel,21
Kalmar,62
Sheila,21
Suusi,6
Elsa,522
Raiko,465
Ivars,23
Keitlin,153
Kendra,181
Roy,13
Lilija,165
Pavlo,99
Leana,123
Daire,23
Gelly,17
Rosine,12
Erin,15
Janar,1288
Valner,12
Riinu,53
Marrit,14
Lizette,47
Chrislyn,10
Helle-Reet,13
Ernest,62
Liisgren,6
Claudia,129
Asmo,15
Ray,7
Anzhela,46
Margareth,56
Ena,34
Ruslana,79
Juku,25
Kleer,17
Eve-Liis,23
Ketlin,358
Christel,48
Julija,602
Kauno,6
Roma,6
Marianne,756
Teisi,31
Nikola,16
Aimar,663
Jaroslav,421
Eeve,31
Kalevi,23
Grethel,71
Annaliis,47
Magdaleena,8
Brigitta,185
Kalina,17
Evgeni,60
Heini,134
Melvin,19
Martina,95
Herli,11
Diana,3223
Aniita,30
Philipp,38
Aulika,15
Maria-Helene,6
Angelia,6
Karl Andreas,19
Maimo,208
Rosanna,143
Marki,6
Lyanne,6
Tarmo,3757
Krismar,16
Kendro,12
Evo,27
Juliette,7
Karim,24
Marri,8
Jevgenij,12
Lii,526
Grette,12
Franziska,7
Vytautas,29
Silva,513
Petro,110
Adelaida,9
Ilaria,14
Alexander,4328
Kätriin,213
Elizaveta,533
Marileen,28
Teno,19
Arseny,22
Jaanika,1471
Koit,564
Mohammad,8
Sten-Kristjan,10
Virginija,8
Varmo,60
Karl Robert,66
Luke,7
Reinhard,21
Berith,7
Ly-Sandra,34
Bairon,11
Olar,49
Taave,6
Jevgenia,1648
Murel,10
Küllikki,15
Meido,12
Renet,74
Milena,328
Kirkke,9
Samvel,12
Francesca,30
Heldi,271
Jaakko,6
Alya,7
Gaisa,7
Ireene,33
Eele,19
Ksenija,539
Eliise-Marie,7
Valli,321
Cätlin,40
Sale,59
Aleksis,11
Vsevolod,146
Kait,143
Erko,355
Arie,6
Mattis,71
Illimar,149
Helene,264
Paavo,272
Luukas,46
Eija,10
Karl-Kaspar,13
Tekla,16
Reet,2938
Kateriin,25
Geitlin,13
Giacomo,7
Gloria,185
Imbi,737
Kadrian,9
Ruuben,120
Ene-Liis,22
Üllas,12
Elon,16
Kaila,16
Girli,7
Vadims,17
Katariina,296
Meryl,20
Herdis,30
Fjodor,372
Deisi,21
Tene,53
Tagne,14
Aleksa,32
Elvo,55
Mirle,16
Endriko,10
Dzintra,20
Marden,10
Milana,758
Annaliise,7
Cornelia,17
Mirt,31
Amalia,69
Mairiin,13
Alvaro,19
Timo,1000
Bogdan,303
Anatoly,1289
Deili,26
Garis,6
Teivo,6
Carl Joosep,6
Adel,40
Marjanna,8
Mareike,10
Tuljo,21
Maare,49
Elora,8
Mare-Anne,12
Catlyn,19
Roel,7
Eerika,174
Sune,9
Laura Lotta,7
Heikko,54
Kristiina,2864
Mari-Liisa,7
Kärol,97
Nele-Triin,6
Magnus,417
Adil,10
Keithy,10
Mariaana,8
Geili,42
Arle,55
Angeli,15
Pilleriin,139
Kairit,525
Karoly,15
Volodymyr,322
Greteliis,57
Maikko,7
Jaago,33
Emeri,14
Lehte,520
Debora,26
Lembo,28
Eger,15
Grista,9
Kerth,7
Veevo,11
Päärn,15
Ketlyn,37
Arti,160
Reina,8
Kapitolina,42
Gerli,1002
Rasma,11
Lauri,2453
Arvis,9
Kaur,775
Kaidor,12
Ilmo,25
Mert,8
Werner,25
Mantas,9
Tommaso,10
Iurii,92
Rego,30
Milen,11
Maia,997
Liene,16
Ruvim,23
Kaitel,8
Timmu,52
Dorothea,6
Katalina,11
Marthen,21
Hugo,783
Linnar,30
Gabriella,39
Ketrin,92
Armando,14
Lenel,11
Yanina,43
Edward,126
Stiven,82
Jesse,22
Vladimir,11465
Miron,331
Marija,575
Kerttu-Liis,9
Hendrik,1040
Grigori,552
Ulyana,23
Tristen,33
Daily,23
Theodor,99
Melar,9
Kaia-Liisa,25
Tahir,7
Juho,58
Anžella,41
Rete,7
Annamari,8
Kristine,193
Esta,364
Anu-Liis,9
Maarja-Ly,7
Ignas,10
Kristjan-Erik,12
Heike,52
Sirvi,17
Hely,6
Mia,738
Kenter,11
Kate,11
Henni,7
Milla,57
Maryana,11
Kaarina,19
Merelin,7
Mairo,365
Siim Sander,28
Lola,55
Nailya,7
Maksim,3868
Vitalina,31
Lars,87
Kaldi,26
Jūlija,14
Edik,18
Aine,7
Steffi,17
Matteo,39
Senta,75
Juuli,45
Michell,14
Marat,180
Õnne-Ly,6
Konstantinos,8
Eigo,107
Krista,1850
Vasilisa,103
Carmen,623
Veli,42
Kertu,1198
Rauno,1545
Klemet,9
Andy,29
Reeni,21
Rei,7
Lorenzo,20
Allan,1641
Jenni,15
Anniki,65
Chiara,21
Ronald,220
Matten,10
Asja,50
Eliis,255
Emma,775
Magnar,57
Hans Kristjan,25
Mykyta,14
Ingvar,151
Paola,10
Natālija,6
Marta Marie,10
Daniella,57
Hanna-Brit,9
Kristyn,7
Keit,224
Aurora,32
Danel,258
Rodrigo,10
Aale,40
Olegs,28
Priidu,129
Ziina,9
Kenri,10
Vilmar,74
Ainika,26
Kristjan Erik,11
Miret,7
Cristelle,12
Pascal,6
Meril,61
Adele,313
Kirke,561
Leeni,88
Risanna,6
Ülo,2094
Luana,6
Kirsti,277
Gertlin,6
Liise,88
Hilda,523
Maila,330
Jörg,10
Meriliis,153
Ileana,6
Malev,10
Timmo,119
Lara,48
Mary,49
Maiu,342
Jarmo,401
Mareli,22
Eeva-Maria,16
Nina,2450
Jonathan,77
Kusta,14
Deanna,7
Snežanna,20
Leonora,109
Ardi,356
Arianna,38
Genrietta,32
Janmar,6
Michelle,81
Hans Kristian,11
Patrik,132
Eddi,15
Birk,11
Erla,11
Lydia,234
Kareli,8
Milda,53
Triinu Liis,20
Kätlyn,92
Hille-Mai,6
Egle,720
Taneli,10
Heidy,80
Aasa,132
Emil,294
Maive,235
Heli-Mall,7
Ilmārs,6
Anastassija,573
Lissandra,16
Laura-Lisette,23
Leivi,12
Arturs,35
Hannali,10
Alisia,69
Maria Liisa,7
Geidi,73
Telle,7
Owe,8
Julie,17
Marylin,11
Elisabet,216
Aleksandr,12282
Villem,397
Lorita,13
Ingrid,2022
Renna,71
Suzanna,25
Jarl,15
Iriina,33
Lilli,271
Lilyan,10
Kaddi,7
Kersti,2728
Rais,15
Rufina,73
Lelde,6
Manuel,32
Edmond,18
Stefania,70
Sten,1409
Ann-Kristin,7
Ülar,298
Kelly,643
Caroli,17
Dora,22
Tomas,112
Keven,56
Ati,9
Kerdi,24
Riccardo,22
Killu,63
Valjo,23
Esko,80
Carolin,215
Lili,108
Swen,15
Viacheslav,132
Hans Markus,10
Anna Liisa,27
Anne-Mary,9
Arpo,17
Helle-Mai,59
Kanni,29
Faina,266
Edita,32
Gerret,63
Mergo,13
Raldo,15
Kristiine,244
Mailika,26
Hedi,245
Aldo,202
Siim Kristjan,8
Ilia,59
Nonna,82
Anna-Leena,6
Hannely,10
Laura Sofia,9
Luise,131
Amanda,140
Anne-Liisa,11
Valter,620
Jaan-Erik,7
Annemarie,26
Merili,616
Romeo,85
Maruta,8
Luigi,21
Rico,247
Loreta,38
Jurij,18
Dagni,19
Leeli,14
Kalle,2431
Maria-Elisabeth,14
Nellya,19
Enrice,6
Antanas,25
Cätlyn,29
Maian,10
Haja,7
Marily,73
Reelika,1019
Zane,11
Sirley,16
Darko,9
Ulla,105
Jesper,87
Beata,36
Raido,1331
Jeva,29
Karmen,1144
Maria-Kristiina,10
Renee,362
Veronica,103
Nathali,6
Riia,27
Tristan,422
Preedik,6
Judith,22
Patrick,264
Crystal,15
Dimitriy,7
Cathy,55
Melina,26
Cris,25
Marec,12
Birgit,1261
Nele-Ly,9
Kai-Liis,18
Mikhail,1358
Theresa,34
Irja,286
Käthlin,67
Jasmin,55
Britten,26
Raho,13
Juan,8
Arvidas,7
Gary,10
Jolana,11
Veeve,20
Hanno,337
Herman,198
Janelin,14
Ingar,37
Katarzyna,11
Kain,16
Elgi,202
Ojar,24
Melissa,374
Renata,201
Pert,22
Sölve,7
Stella,674
Giorgia,7
Mereli,10
Alik,61
Edme,7
Matthias,161
Jaana,1040
Lenka,9
Oxana,300
Gvido,13
Klea,9
Ike,7
Relika,161
Liliya,123
Alesya,15
Kertu-Liis,18
Arturas,19
Adelina,218
Heda,34
Allen,26
Johnny,6
Kaie,1161
Uku,643
Juli,17
Anzhelika,52
Marven,8
Selina,25
Kaido,2357
Nora-Liis,9
Sergii,198
Gaile,6
Charlotte,23
Nathalie,9
Leeve,23
Pilve,28
Wolfgang,12
Lisann,65
Mia Maria,56
Reete,6
Aleksey,108
Selma,294
Riti,34
Gleb,483
Elje,67
Lonni,20
Ruuta,17
Carol,132
Stina,110
Helve,1330
Varja,11
Natasha,7
Diaana,7
Teresa,73
Kristīne,23
Valeeri,30
Aurelie,22
Hanna Maria,58
Aike,8
Kätlin,1850
Raahel,13
Danielle,7
Karolyn,17
Janetta,8
Lia,545
Aleksejs,44
Kirill,2027
Ross,6
Walter,27
Maidi,12
Elju,94
Liina-Mai,8
Kenely,10
Miikael,53
Hela,20
Ivor,19
Magne,9
Eno,72
Valery,637
Britt,96
Matilde,27
Nelle,20
Klaara,66
Elme,55
Mari-Anne,72
Janus,27
Nevel,10
Tuulika,15
Katariin,12
Inkeri,30
Seidi,33
Ivi,627
Kedy,13
Kais,8
Alic,7
Albina,339
Reeno,33
Jannu,11
Crister,8
Semjon,243
Hendri,91
Edvard,190
Alon,8
Julianna,80
Janari,134
Even,59
Eva,1634
Merite,8
Hanna-Kaisa,7
Andero,398
Maksym,77
Hegle,22
Merlin,531
Serhii,146
Anni,868
Adriana,148
Argos,6
Christine,59
Ville,115
Elias,53
Triinu,1294
Sergejs,79
Sirelyn,7
Pablo,14
Käroli,50
Angela,791
Halyna,20
Mikola,12
Kadi-Ly,13
Mai-Liis,104
Raven,23
Eliine,7
Roven,65
Ellu,65
Rihard,211
Karro,17
Hans-Hendrik,6
Meryt,6
Ranel,100
Maali,20
Äli,24
Aleksi,20
Regita,18
Tauri,727
Karl-Eduard,8
Benno,92
Karlis,138
Aires,15
Hanna-Stiina,16
Kairis,8
Kristin,941
Mariel,137
Laura Marleen,7
Riste,27
Nadezhda,1086
Urve,2460
Carla,14
Ronan,47
Maarian,7
Liis,2341
Mikko,82
Anna-Helena,7
Retti,8
Said,15
Pärtel,166
Andrey,1604
Christiane,7
Janell,15
Natalya,129
Mooni,6
Rigo,17
Katharina,66
Liina,2613
Ainer,17
Mariia,213
Valerii,99
Brianna,46
Urbo,10
Karola,297
Rimantas,13
Grete-Maria,7
Marger,15
Nelly,101
Karol,133
Maiko,122
Sirja,43
Melani,127
Tiina,5481
Lora,39
Gerthrud,7
Gristi,7
Ljuda,8
Rem,17
Saimon,27
Anneliis,151
Marten,1339
Loretta,49
Kren,33
Laura,3064
Vilge,15
Jakov,128
Merke,10
Karl Matthias,9
Denise,11
Helli,44
Reeda,34
Remo,269
Kustav,35
Rahel,162
Karl-Sander,38
Ele-Mai,6
Betty,20
Siimo,47
Made,145
Serghei,10
Bilal,6
Fred,483
Iuliia,119
Mariete,40
Alisija,12
Gert,1041
Liisbeth,174
Valmi,9
Raimondas,8
Teemar,20
Haljand,37
Liive,14
Birute,9
Alis,18
Hanna-Ly,17
Lyubov,84
Varje,258
Helgi,1958
Tiago,7
Tommi,28
Andrek,13
Jaan,4726
Pelle,47
Juha,21
Mariko,17
Ludmilla,825
Kretel,13
Inta,21
Larisa,727
Dmytro,188
Kris,205
Ennu,108
Michaela,19
Renato,21
Kristofer,906
Arma,29
Lisbet,23
Caroliina,26
Orvo,11
Kalev,2607
Ethel,192
Bernd,8
Priido,9
Anella,23
Anna-Marija,14
Stalina,19
Madle,15
Eesi,28
Karl Gregor,16
Kervin,14
Kenar,12
Nikol,102
Veikko,220
Leiu,37
Lada,98
Egnar,7
Dana,133
Hans-Kristjan,41
Demy,8
Oleksandr,546
Birge,6
Elts,6
Merje,518
Aave,59
Agi,8
Henna,8
Julika,29
Mariann,360
Moris,16
Juraj,6
Ugo,10
Rivo,525
Hede,14
Morgan,22
Kaidar,64
Gethe,13
Nicolas,51
Elari,178
Darius,28
Rane,11
Maik,67
Asso,94
Tair,27
Sünne,37
Annele,6
Cristina,48
Arina,1080
Henry,832
Georgios,9
Mann,6
Kethlin,12
Jenna,17
Wanda,6
Epp,687
Peet,51
Hannaliis,14
Svyatoslav,25
Emma-Leena,10
Lisa Marie,20
Arly,6
Farid,13
Arlis,41
Ülla,132
Gendra,17
Hergi,10
Mathis,7
Karl Kristofer,19
Kristjaana,6
Tervo,19
Sivert,11
Aarne,799
Marliin,10
Filippo,10
Tarmu,24
Valvi,30
Ulje,8
Hanna-Eliise,10
Kris Markus,9
Rode,6
Georg,962
Stevo,8
Gerol,7
Mari-Ann,221
Christi,25
Anna-Liisa,405
Ainiki,7
Eleanor,87
Kerten,20
Henrik,269
Mirel,38
Oktai,6
Heiko,283
Merit,622
Emili,305
Dianne,8
Elga,183
Rinata,10
Ille,339
Ruta,147
Kädli,9
Virge,420
Levis,7
Rostislav,140
Heret,30
Arro,14
Lera,6
Heiner,8
Maigar,6
Meri-Ly,12
Milada,10
Milo,6
Margus,5281
Raisa,687
Karme,15
Jorven,15
Danek,14
Oleksandra,50
Evgeniy,74
Umar,6
Hanna-Mai,6
Ormes,15
Justin,13
Maryna,51
Raily,26
Merju,8
Ulve,93
Olesya,99
Marken,64
Anette,615
German,613
Gaida,45
Michel,19
Kermo,584
Lela,7
Aliaksei,10
Alar,1706
Matvei,494
Gitta,21
Hardo,95
Maimu,1343
Dario,31
Niklas,32
Sandor,63
Aaro,88
Heida,7
Marjaliisa,8
Ebeli,12
Grettel,89
Elisete,6
Melika,12
Nicol,15
Iskander,10
Kalju,1814
Nele,741
Eirik,7
Gennert,7
Jean,11
Eivo,31
Mirjam,946
Alma,169
Maria,7752
Eleonora,263
Kaarle,9
Eldur,184
Liivia,265
Jefim,44
Maija-Liisa,7
Raine,60
Cindy,9
Karolin,580
Nadja,24
Vladislava,119
Elinor,42
Vesse,24
Enri,44
Marliis,41
Carola,120
Randel,159
Gevorg,12
Kerda,36
Olgerd,6
Sirlin,11
Mika,13
Ragna,26
Beatrice,79
Miroslava,106
Heleen,75
Tormi,231
Jorge,13
Eilika,26
Urho,25
Ulli,16
Jaroslava,93
Taisia,192
Karita,131
Loa,7
Hannu,11
Simone,88
Marc,47
Serle,7
Ivalo,11
Esme,15
Balázs,6
Reido,25
Minni,45
Britta,199
Maiker,10
Karoline,66
Juliana,190
Kasandra,6
Kreet,26
Santa,24
Hannela,53
Frank,138
Merry,6
Konrad,80
Daryna,9
Hurmas,6
Philip,25
Mirgo,14
Adolf,77
Mishel,6
Meery,12
Iivika,27
Esper,21
Randu,9
Vita,44
Elika,85
Kaisa-Liisa,12
Lembitu,63
Karl-Marten,22
Stiv,8
Leili,1579
Heinart,27
Nurmi,6
Dmitry,1061
Keyt,8
William,94
Martten,33
Veroonika,94
Silvio,7
Merlyn,101
Artjom,2599
Ilo,41
Maciej,7
Lota,35
Ervin,557
Salvador,7
Elo,419
Bryan,22
Eliana,23
Armas,38
Lisandra,604
Reiko,160
Olena,203
Aapo,26
Nathan,17
Suule,22
Elinora,10
Claire,14
Anastassia,2073
Eily,6
Vjatseslav,12
Algis,111
Greta,178
Madeleine,13
Natallia,27
Līga,13
Kaimur,16
Ann-Liis,6
Ija,76
Asser,18
Sälly,10
Kiira,228
Taisija,53
Einike,44
Imre,650
Dima,6
Katreen,11
Anneta,7
Zenta,7
Aleksandras,7
Robin,1402
Annelie,14
Spartak,16
Hanna-Kristiina,6
Damira,7
Hele-Mall,77
Gertu,95
Tia,23
Karmeliina,6
Sigri,7
Raina,163
Rinaldo,63
Narine,10
Reele,18
Sten-Markus,43
Margi,33
Evgeny,1021
Hargo,12
Rita,1607
Railo,11
Kally,12
Klaid,27
Liis-Marie,8
Brigitha,7
Õnnela,108
Hedda,24
Emilija,62
Kätty,9
Melinda,35
Õie,1478
Pawel,7
Ene-Ly,26
Hellika,37
Meret,15
Kaarin,161
Agata,77
Aisha,9
James,19
Loora,79
Ustina,9
Airika,73
Käsper,19
Katri-Liis,9
Linda Maria,20
Kulla,94
Tobias,128
Malin,6
Ken Marten,9
Sabrina,68
Anvar,45
Margret,50
Aira,141
Maili,410
Jessica,171
Claudio,15
Arseni,558
Guido,380
Randar,116
Hando,126
Brain,15
Erna,437
Marina,5844
Liudmyla,89
Heliise,18
Leini,52
Ako,53
Taiko,9
Eleryn,13
Kamo,7
Evaliisa,8
Tamila,19
Mailiis,39
Jonatan,42
Nona,19
Keidi,176
Enelis,9
Maigi,183
Jaspar,16
Assol,7
Sten-Egert,11
Laas,25
Kimmo,45
Wilhelm,9
Valdek,297
Trevor,373
Vesta,78
Denisa,7
Merylin,29
Enn,2140
Pärja,92
Marja,119
Girts,6
Katrīna,6
Maarion,9
Evi,1977
Inda,23
Volha,19
Armen,56
Isabella,207
Cerli,6
Tereese,14
Hannes,1404
Katriina,31
Rave,13
Leen,32
Marge,1568
Romero,17
Pirge,11
Salle,9
Mango,10
Kevin-Martin,6
Vladlen,59
Estra,55
Adrian,264
Tarvi,258
Cristy,6
Niina,3980
Eleanora,67
Anna-Lena,6
Gustav,247
Laili,95
Catherine,30
Laurits,40
Tõiv,14
Kamila,38
Gerri,30
Gor,6
Emely,13
Eleri,311
Nargiz,6
Piotr,18
Jane-Ly,39
Silve,31
Anelia,8
Meidi,13
Fränk,7
Birgith,13
Keithlyn,6
Lelet,16
Daina,15
Aleksandra,3563
Marii Heleen,13
Anitra,9
Diogo,6
Maks,25
Riio,7
Almar,37
Radmila,17
Boleslav,11
Karl-Magnus,6
Varju,28
Mesike,12
Caroly,46
Vellu,11
Anfissa,57
Geelika,6
Ally,14
Brita,204
Antonina,1964
Õnne-Liis,6
Albert,937
Elaire,7
Juri,3759
Lana,72
Luule,1223
Erki,1423
Kadri Ann,16
Keito,23
Igor,6345
Sinaida,103
Lesya,10
Airet,18
Kajari,12
Birgita,21
Kaupo,911
Voldemar,585
Kaidy,24
Azat,9
Janor,10
Key,9
Armis,11
Karl-Robert,41
Olli,69
Vaima,21
Maigret,7
Helmi,706
Sanita,18
Emmi,29
Deanne,7
Laima,37
Olavi,478
Zoltan,8
Gerly,236
Reho,7
Merlika,6
Amelia,229
Neti,6
Hirja,7
Endel,1545
Gina,39
Taniel,59
Tiffany,12
Anne-Marie,28
Alejandro,20
Hella,75
Elvi,1310
Dago,6
Britte,10
Mykhailo,133
Erliko,7
Enari,26
Asia,15
Edmund,32
Kirsika,223
Artemi,257
Kateriina,18
Viktoriia,93
Vitas,10
Jürgo,29
Kai Liis,6
Villy,27
Rafael,125
Risto,1421
Teivi,19
Maikl,21
Clemet,9
Maksimilian,44
Kari,45
Klavdia,313
Rodion,198
Harri,1169
Merian,11
Alesja,268
Enver,15
Helga,622
Raissa,1211
Lilit,22
Marie-Helene,15
Gianluca,10
Arvi,1233
Lenna,346
Kätleen,6
Kerle,24
Hanna-Britt,7
Liudmila,2152
Ekaterina,1421
Vilja,184
Keity,96
Einari,30
Kaiti,41
Carel,16
Darina,255
Liisa Johanna,7
Silje,49
Daili,8
Armi,9
Rinell,8
Vasiliy,46
Kriste,31
Monika,1716
Diane,29
Edvika,7
Jon,9
Laure,9
Siisi,8
Tamara,3907
Liselle,102
Willi,6
Egle-Riin,9
Miroslav,116
Alois,9
Tommy,35
Jana,2677
Eline,6
Liisa Maria,33
Rene,1459
Kerstin,251
Snežana,102
Janner,6
Iira,27
Riiko,17
Klaarika,142
Elerin,167
Leida,1444
Nikolay,2124
Bibi,11
Roberts,28
Agle,15
Kathleen,17
Atso,27
Lysanne,6
Merve,10
Roza,209
Aureelia,12
Säde,168
Siim-Erik,8
Mairis,44
Gaidi,40
Gulnara,35
Ave-Liis,10
Valentyna,123
Gabriele,22
Christelle,24
Miku,12
Fred Erik,11
Taur,8
Tatiana,2977
Jossif,51
Verena,7
Yan,38
Kaija-Liisa,10
Hilje,79
Frida,56
Tage,7
Jenny,34
Liili,136
Lyyli,6
Maarjan,8
Carl-Markus,7
Maritta,34
Mariana,175
Asko,236
Sandro,50
Manni,17
Rutmar,12
Andrias,85
Olav,264
Justus,12
Beti,8
Dace,18
Ailen,55
Maiju,11
Maarius,34
Meedi,55
Iljana,6
Agnesa,10
Lissi,15
Jaak,1945
Tatjana,10471
Reila,8
Katja,33
Loola,19
Carina,87
Tetiana,149
Kaimu,7
Veera,2608
Geiti,15
Lisanna,251
Sharon,16
Hinna,7
Iraida,316
Henno,168
Liisu,104
Lehar,60
Roberta,53
Kaive,8
Mairi,293
Tomáš,15
Kelvin,28
Senni,49
Karl-Hans,6
Sven,1561
Helemai,6
Leegi,18
Egon,484
Evar,61
Vivi,26
Katre,662
Arnika,21
Valdemar,11
Samantha,34
Karlo,44
Kristian,431
Gerto,14
Carmel,31
Merrit,17
Ingrida,13
Tamás,6
Rauni,20
Jandre,10
Kostiantyn,33
Karl Kevin,21
Vadym,65
Andri,607
Maarit,146
Endo,34
Eddy,20
Taissija,58
Liisa Marie,15
Romans,16
Laina,15
Sergey,3115
Simo,259
Aide,123
Yuliia,36
Raidar,15
Juan Carlos,9
Lidiia,64
Kewin,6
Vitali,2327
Reene,31
Romy,13
Emilie,89
Velta,20
Salome,10
Johanna Liisa,12
Õrne,22
Zaza,9
Ale,7
Klarika,89
Ketli,17
Nastasja,15
Aret,10
Arnis,46
Maario,98
Ave-Maria,11
Maari,26
Kätri,16
Rena,82
Gordon,6
Raimond,652
Virgo,304
Pietro,8
Cärol,40
Kerili,10
Lenar,14
Hanneloore,6
Cristopher,28
Arlin,6
Meiko,25
Maximus,18
Devid,87
Seppo,6
Maarja-Liis,144
Kelli,423
Helmet,24
Nils,98
Levon,23
Liisa-Lotte,11
Ave-Marleen,12
Kathy,8
Emmaliisa,9
Ireen,53
Sofja,370
Keithi,9
Lily,192
Ormi,10
Alberto,34
Erme,16
Hardy,45
Lesja,19
Janec,22
Andriy,55
Mark,1764
Sireli,41
Hinnar,9
Minna,81
Emin,9
Hedy,61
Vasil,8
Marco,189
Eglit,7
Elisa Maria,12
Cäroly,28
Meeta,175
Kene,11
Kristan,6
Kira,288
Lisette,665
Henrietta,9
Lea,2258
Marii-Heleen,24
Helari,86
Joachim,8
Keiron,6
Hanna Grete,13
Naima,221
Tagmar,12
Janella,10
Age,389
Regnar,7
Vairi,7
Era,8
Tuuli,676
Mariell,56
Jürmo,16
Janet,70
Kaare,17
Valmo,11
Steve,94
Violetta,266
Zaur,6
Nerijus,6
Hallan,6
Louise,10
Genrih,27
Samanta,36
Kapitalina,36
Tanja,45
Rauli,20
Eleriin,127
Laur,236
Hanna-Mari,9
Hellevi,7
Magdalina,17
Ehti,7
Geidy,36
Erleen,6
Kiril,27
Raio,17
Varvara,449
Mari-Anna,17
Andra-Liis,11
Auli,99
Yury,1689
Magda,85
Pauliina,15
Raymond,23
Maibi,12
Lele,15
Kenny,9
Jan,774
Francisco,8
Ruve,39
Indre,15
Dominik,102
Moonica,6
Rünno,173
Ingela,27
Anu,3226
Ruby,6
Tomass,8
Hart,13
Johanna-Maria,25
Jussi,15
Railis,15
Anastasia,1929
Victor,1772
Alona,13
Rael,59
Krettel,11
Camilla,52
Nadiya,14
Kiiri,15
Mario,849
Ara,9
Meili,15
Kaija-Liis,6
Cassandra,95
Lolita,60
Eliko,56
Inna,2114
Alexandra,608
Karl Kristjan,67
Romi,61
Luis,13
Aku,6
Victoria,672
Anke,7
Heiti,190
Marjete,9
Karmel,86
Lauriin,7
Jarno,79
Sirle,532
Siivi,93
Kasper,174
Jan-Erik,94
Harald,298
Käthi,7
Aya,6
Vello,2855
Laura Liisa,54
Marelle,182
Joan,16
Antero,51
Ailar,68
Madis,2662
Violeta,45
Alise,44
Bianca,71
Liispet,10
Ele,292
Roosmarii,20
Heddi,19
Ranek,33
Grethe,42
Viljam,31
Taivi,102
Erkki,703
Birjo,15
Lilika,10
Maarja-Liisa,82
Helliki,6
Renar,109
Erwin,11
Ariadna,54
Jolanda,14
Janina,164
Eimi,8
Erve,6
Jane-Liis,19
Kail,22
Teet,667
Carl-Martin,12
Artūrs,12
Rage,6
Egeri,8
Ott-Kaarel,7
Ahmad,7
Lill,6
Martis,10
Hendo,14
Annes,96
Taimar,134
Keilin,12
Sille-Riin,8
Asya,12
Erni,41
Ramil,68
Mariette,65
Marie Helene,13
Carl Robert,12
Naatan,17
Matti,503
Leina,12
Tamor,14
Seidy,7
Mahmoud,7
Annelis,6
Aneta,41
Toivo,2190
Novella,6
Kedi,21
Zuzana,15
Mikheil,9
Keida,6
Jonas,141
Maiga,73
Elisa,139
Anabell,12
Mirkko,24
Ken,364
Scarlett,9
Artti,11
Vincenzo,6
Elyse,9
Knut,14
Kadri-Ann,44
Harle,7
Piia,645
Hendry,31
Eleonoora,6
Eba,6
Eire,13
Haide,26
Kregor,73
Vladilen,13
Lidija,117
Henrico,19
Neleri,8
Teili,20
Linell,15
Aija,32
Alessia,13
Keitrin,8
Gaia,10
Dinara,38
Anny,11
Artyom,60
Lida,18
Anisja,9
Silvija,13
Loreena,8
Gelena,27
Hanna-Greta,6
Alver,61
Boris,998
Iie,9
Erkin,8
Laila,80
Krisette,16
Veiki,14
Ferenc,11
Joseph,25
Lisa,55
Sergei,10630
Tiit,3117
Marno,18
Karin,2733
Taavo,131
Reemet,32
Saara,189
Mick,10
Jaako,6
Stas,11
Kärolyn,10
Marlis,13
Genely,10
Aron,436
Ain,2186
Marielle,74
Jan-Marcus,8
Margarita,1921
Ellis,9
Lotte,30
Margo,1009
Marion,283
Karl-Kevin,22
Kaljo,441
Ketri,17
Carl Markus,6
Halja,42
August,428
Vjaceslavs,7
Emma Lisette,8
Kristeli,11
Stepan,349
Liisa-Maria,44
Valeri,3492
Jaanus,3166
Berit,491
Arni,23
Kaidur,14
Aia,7
Vilma,826
Andres,6639
Gelina,7
Raul,2333
Ülli,34
Heinar,364
Ketelin,10
Raol,13
Romet,1088
Karen,206
Rozalia,25
Jimmy,8
Laurell,10
Heleena,7
Annaliina,6
Jacqueline,16
Livio,18
Franka,6
Ada,144
Sverre,45
Helly,7
Kender,19
Garry,23
Keith,91
Roxana,9
Rolands,12
Vahuri,6
Markéta,6
Mary-Liis,24
Signe,1475
Alika,39
Sally,10
Janos,13
Gerd,58
Renate,223
Anna-Britt,6
Emma-Liis,6
Carlo,19
Yelena,15
Kaili,618
Edvi,26
Gardo,8
Jörgen,160
Reio,286
Grant,8
Rajur,7
Ander,308
Reelia,8
Stefan,346
Renek,38
Ingo,48
Antony,7
Ever,34
Sillen,7
Heinike,8
Karl-Erich,10
Karis,53
Liisbet,240
Natan,20
Keneth,18
Karmela,31
Heleni,23
Maarika,1181
Marvel,8
Max,67
Ranely,9
Derek,68
Alder,21
Marget,78
Karinee,19
Oliver,2381
Dirk,9
Lembi,234
Gristo,9
Valdis,102
Teelia,7
Gheorghe,15
Leie,29
Eetel,6
Kaija,172
Aurika,46
Kristel,2402
Kaimo,190
Tõnno,29
Liivika,92
Estelle,39
Karl Hendrik,48
Ganna,51
Benita,63
Lemmi,112
Jan-Markus,22
Elize,8
Ostap,9
Ilme,1111
Enelii,7
Katerin,19
Herki,137
Jonna,9
Brigite,11
Jennifer,108
Mati,3580
Darya,43
Farit,6
Tauno,722
Allvar,6
Ana,62
Tago,21
Eugene,6
Elary,6
Helja,187
Bret,29
Vassilisa,6
Teesi,30
Sten Marcus,12
Uliana,55
Daimar,26
Laurete,18
Meelika,130
Leonhard,160
Gervin,23
Hristo,8
Randon,8
Tonja,7
Mirella,11
Deborah,9
Külliki,281
Helgo,17
Kirti,25
Aksel,498
Gregor,764
Kulle,7
Sona,9
Joe,23
Clara,13
Hilvi,22
Raila,10
Jack,13
Vilve,336
Katre-Liis,7
Lars-Erik,8
Dainis,21
Keir,37
Tuulike,25
Mira,49
Irena,295
Lisbeth,74
Pärl,8
Holger,269
Enel,119
Rinat,69
Regina,1189
Elita,16
Liiza,9
Alla,2073
Zuhra,7
Vira,56
Felix,79
Silja,692
Eleonor,12
Fatima,25
Liis-Marleen,10
Reili,171
Hell,10
Hanna Kristiina,6
Kristýna,10
Joosep,1150
Nicole,264
Nino,20
Alviine,25
Marks,9
Lilii,6
Ida,187
Inger-Liis,6
Ago,719
Eneliis,13
Angelina,885
Ronnie,6
Karl Eerik,25
Kaius,32
Julja,11
Ernesto,6
Jorma,114
Kirsten,12
Cristian,50
Eiki,113
Sasha,8
Erge,31
Lisell,63
Vidrik,22
Evgenii,52
Aleksander,3512
Tairo,49
Karoli,100
Rovshan,6
Raili,1043
Ilana,33
Karoliin,15
Karl Markus,101
Hele-Liis,17
Kadi-Riin,8
Rami,11
Olha,36
Andra,685
Meris,21
Seren,12
Rainer,1691
Iveta,40
Josef,15
Karl Martin,115
Stefano,37
Kerly,144
Solveig,26
Juulia,73
Pärli,16
Karl-Mihkel,8
Greete,329
Zoja,1003
Adeline,7
Janika,782
Eda,1105
Kristy,28
Triine,54
Taja,13
Džulia,7
Karl Johann,14
Terttu,7
Helje,415
Geron,34
Ilse,374
Teri,7
Mia Marta,15
Mathilde,17
Heiki,1524
Noel,20
Liina-Maria,6
Märten,224
Tibor,9
Leemet,20
Harlis,18
Paul Aleksander,6
Asmik,6
Künter,23
Mairon,103
Gita,34
Meeri,290
Heilo,25
Cardo,24
Marilyn,94
Pillerin,14
Ragne,383
Janne-Liis,8
Aive,565
Aldur,90
Markko,176
Alfi,6
Meta,58
Riina,3432
Aria,10
Priit,3552
Raima,6
Linda Johanna,7
Edwin,39
Helda,53
Angeliina,41
Õnneli,19
Leandra,44
Ande,47
Markel,46
Liilian,29
Lumi,19
Elizabeth,260
Dargo,6
Timm,12
Tani,6
Õnne-Mari,6
Eleen,21
Tuuliki,51
Lorena,33
Sylvia,40
Annike,38
Lisete,363
Janek,2547
Ingomar,12
Anneken,10
Mervin,7
Rima,62
Daria,416
Eveliina,26
Joonatan,132
Villu,775
Airi,709
Valeria,1241
Veinika,6
Gerdo,64
Ailer,9
Raimonds,14
Rannar,93
Liliana,125
Ruudu,6
Gennadii,29
Inessa,200
Adam,91
Anel,7
Ringo,100
Loreida,108
Mārtiņš,13
Hainer,8
Aren,13
Carl Erik,8
Ellika,20
Maaria,26
Renno,129
Aini,64
Aliisa,20
Tiina-Mari,8
Karl Gustav,64
Avrora,12
Helbe,220
Rain,1685
Hille,724
Georgii,29
Zina,8
Anna-Grete,10
Käthy,11
Ia,25
Raivis,7
Milvi,2290
Glenn,10
Katry,11
Eilin,8
Lilian,602
Brendon,32
Dmitrij,17
Aris,12
Sülvi,33
Esenia,13
Kädy,20
Triini,13
Getrin,45
Ricardo,29
Daniil,1870
Eldar,90
Illar,308
Malvi,11
Sebastien,6
Raaja,12
Randy,39
Lena,61
Edoardo,12
Sigrid,913
Denni,10
Veigo,73
Givi,12
Ligita,6
Jesenija,7
Ramazan,10
Pille-Riina,8
Endri,18
Helar,86
Mara,15
Oona,7
Anthony,35
Marite,163
Christian,199
Heivi,84
Heilike,7
Aivars,38
Javier,10
Mari-Lii,15
Luca,41
Veeliks,7
Mirek,26
Sviatoslav,9
Liis-Beth,12
Endla,632
Sten Mattias,8
Vaige,16
Kaarup,8
Viktooria,22
Joana,15
Eggert,8
Maima,8
Harmo,6
Simar,9
Leyla,6
Maileen,10
Elin,203
Liljan,11
Borys,26
Alex,631
Militsa,8
Fabian,15
Alexia,19
Marin,189
Karl Johan,25
Kalvi,267
Dein,11
Damian,45
Helju,1573
Naomi,31
Dorian,14
Svitlana,144
Annagreta,6
Jakob,571
Pärt,67
Danita,7
Kathrin,7
Sarkis,8
Ninel,91
Silvia,1064
Jan-Eric,12
Christopher,184
Dari,7
Maksims,28
Halida,7
Rudolf,465
Elena,2820
Mae,98
Ketriin,46
Georgy,166
Aisel,7
Nazar,43
Lina,70
Meribel,393
Mirtel,588
Raoul,51
Dagmar,321
Sofiya,72
Heli-Mai,8
Erkko,50
Zita,11
Rano,12
Arzu,9
Emanuele,9
Kahro,47
Caterina,9
Olev,1403
Aglaia,7
Maiken,173
Geethe,6
Tero,12
Radik,15
Ketty,6
Kurmet,45
Claid,9
Katerine,7
Iljar,9
Artur,3424
Justina,22
Ratmir,41
Maily,19
Galia,16
Enrik,21
Tähe,9
Rasa,8
Maren,71
Aili,2055
Angel,24
Merileid,14
Eneri,9
Sten Erik,48
Bronek,10
Niilo,18
Maikel,98
Gerry,35
Heliisa,8
Andrus,3257
Karl-Kristjan,61
Dave,10
Valeriia,44
Miina,196
Aram,12
Emily,478
Joanna Marie,7
Eliisa,165
Jakop,9
Liana,364
Keidy,86
Kaidi,1042
Selena,56
Sergio,28
Kenet,40
Taisa,54
Karl Artur,13
Kaisa-Liis,12
Üllo,18
Ravil,42
Ilva,8
Sigvard,6
Maile,99
Urmo,438
